<!-- ************ JGroups Protocol Stack Configuration ************** -->
<!-- generated by XmlConfigurator on Mon Apr 26 11:19:00 PDT 2004 -->
<!-- input file: encrypt.old.xml -->

<config xmlns="urn:org:jgroups"
        xmlns:xsi="http://www.w3.org/2001/XMLSchema-instance"
        xsi:schemaLocation="urn:org:jgroups http://www.jgroups.org/schema/JGroups-3.3.xsd">
    <UDP/>
    <PING/>
    <MERGE2/>
    <FD/>
    <VERIFY_SUSPECT/>
    <pbcast.NAKACK2/>
    <UNICAST3/>
    <pbcast.STABLE/>
    <FRAG2/>
    <ENCRYPT encrypt_entire_message="false" sym_init="128" sym_algorithm="AES/ECB/PKCS5Padding" asym_init="512" asym_algorithm="RSA"/>
    <pbcast.GMS/>
</config>