<!-- ************ JGroups Protocol Stack Configuration ************** -->
<!-- generated by XmlConfigurator on Sun Jul 11 18:11:47 BST 2004 -->
<!-- input file: jGroupsEncryptedServerConfig.xml -->
 
<config xmlns="urn:org:jgroups"
        xmlns:xsi="http://www.w3.org/2001/XMLSchema-instance"
        xsi:schemaLocation="urn:org:jgroups http://www.jgroups.org/schema/JGroups-3.3.xsd">
    <UDP/>
    <PING/>
    <MERGE2/>
    <FD/>
    <VERIFY_SUSPECT/>
    <pbcast.NAKACK2/>
    <UNICAST3/>
    <pbcast.STABLE/>
    <FRAG2/>
    <ENCRYPT key_store_name="defaultStore.keystore" store_password="changeit" alias="myKey"/>
    <pbcast.GMS/>
    <pbcast.STATE_TRANSFER/>
</config>
