
<!--
  UDP based stack modified to run well in clusters of large size. This is ongoing work<p/>
  JIRA: https://issues.jboss.org/browse/JGRP-100
  author: Bela Ban
-->

<config xmlns="urn:org:jgroups"
        xmlns:xsi="http://www.w3.org/2001/XMLSchema-instance"
        xsi:schemaLocation="urn:org:jgroups http://www.jgroups.org/schema/JGroups-3.3.xsd">


    <UDP mcast_addr="${jgroups.udp.mcast_addr:239.9.9.9}"
         mcast_port="${jgroups.udp.mcast_port:45588}"
         tos="8"
         ucast_recv_buf_size="5M"
         ucast_send_buf_size="640K"
         mcast_recv_buf_size="5M"
         mcast_send_buf_size="640K"
         loopback="true"
         max_bundle_size="64K"
         max_bundle_timeout="30"
         ip_ttl="${jgroups.udp.ip_ttl:8}"
         enable_diagnostics="true"
         thread_naming_pattern="cl"

         timer_type="new3"
         timer.min_threads="4"
         timer.max_threads="10"
         timer.keep_alive_time="5000"
         timer.queue_max_size="500"
         timer.rejection_policy="abort"

         thread_pool.enabled="true"
         thread_pool.min_threads="10"
         thread_pool.max_threads="100"
         thread_pool.keep_alive_time="5000"
         thread_pool.queue_enabled="true"
         thread_pool.queue_max_size="50000"
         thread_pool.rejection_policy="discard"

         oob_thread_pool.enabled="true"
         oob_thread_pool.min_threads="5"
         oob_thread_pool.max_threads="100"
         oob_thread_pool.keep_alive_time="5000"
         oob_thread_pool.rejection_policy="discard"/>

    <PING timeout="5000"
          num_initial_members="100"
          break_on_coord_rsp="true" />
    <MERGE3 max_interval="30000"
            min_interval="10000"/>
    <FD_SOCK/>
    <FD_ALL/>
    <VERIFY_SUSPECT timeout="1500"  />
    <BARRIER />
    <pbcast.NAKACK2 xmit_interval="500"
                    xmit_table_num_rows="100"
                    xmit_table_msgs_per_row="2000"
                    xmit_table_max_compaction_time="30000"
                    max_msg_batch_size="500"
                    use_mcast_xmit="true"
                    discard_delivered_msgs="true"/>
    <UNICAST3
              xmit_table_num_rows="100"
              xmit_table_msgs_per_row="1000"
              xmit_table_max_compaction_time="30000"
              max_msg_batch_size="500"/>
    <pbcast.STABLE stability_delay="2000" desired_avg_gossip="60000"
                   max_bytes="4M"
                   cap="0.1"/>
    <pbcast.GMS print_local_addr="true"
                join_timeout="10000"
                view_bundling="true"
                max_bundling_time="1000"
                merge_timeout="5000"
                resume_task_timeout="15000"
            />
    <UFC max_credits="4M"
         min_threshold="0.4"/>
    <MFC max_credits="4M"
         min_threshold="0.4"/>
    <FRAG2 frag_size="60K"  />
    <RSVP resend_interval="2000" timeout="10000"/>
    <pbcast.STATE_TRANSFER />
</config>
